,V1,V2,V3,V4,V5,V6,V7,V8,V9,V10,V11,V12,V13,V14,V15,V16,V17,V18,V19,V20,V21,V22,V23,V24,V25,V26,V27,V28,V29,V30,V31,V32
2,#escursionismoit,#citazioni,#frasi,#trekking,#escursioni,#escursionismo,#montag,#mountains,#outdoor,#ture,#paesaggio,#panorama,#outdoors,#tura,#loves_dolomiti,#dolomites4you,#mydolomiti,#dolomiten,#insta_dolomiti,#trekkingitalia,#hikingitaly,#senderismo,#wandern,#wanderlust,#outdoorlovers,#photooftheday,#fotodelgiorno,#follow,#earthofficial,#earthpix,,#natgeowild
3,#sunset,#sunsetphotography,#sunsetlovers,#spring,#inspiration,#visualoflife,#field,#moodygrams,#outdoors,#stayandwander,#folkscenery,#folkgreen,#ourplanetdaily,#earthpix,#earthofficial,#tiolgeographic,#discoverearth,#tumblr,#instacaption,#windows,#picoftheday,#vsco,#vscocam,#ukraine,#stayandwonder,#somewheremagazine,#turephotography,#turelovers,#natgeo,#minimalism,,#tureandus
4,#ShotonLexar,,,,,,,,,,,,,,,,,,,,,,,,,,,,,,,
5,#highlandcattle,#highlanders,#cattle,#highlandcow,#cow,#lehmaÂ¨,#highlandcalf,#calf,#vasikkaÂ,#ylaÂ¨maankarja,#organic,#lovehighlands,#lovecows,#ratiaranch,#lifeonthefarm,#farmlife,#renegade_rural,#rsa_rural,#raw_country,#ig_countryside,#earthofficial,#exclusive_animals,#cowsofinstagram,#turegeography,#instagram,#weeklyfluff,#animalsinfluence,#viljelijaÂ¨eipysaÂ¨hdy,#farmersdontstop,,,
6,#knittingÂ,#ggallinÂ,#reeducaÃ§Ã£oalimentar#hg_pictureÂ,#gfriendÂ,#gfriendÂ,#bcaaÂ,#hg_picture#hg_pictureÂ,#vcmochilandoÂ,#offensivememes#hg_pictureÂ,#hhauthorisedagentÂ,#gf_ture#hg_pictureÂ,#offensiveÂ,#gfriendÂ,#hgtvdreamhome#jhumkiesÂ,#gfriendÂ,#hg_pictureÂ,#bgmÂ,#bffgoals<U+0001F46D>#httydÂ,#gf_tureÂ,#fhvkÂ,#cdmx#cddelcarmencampecheÂ,#gfriendÂ,#vforvictoryÂ,#lhh#hgtvdreamhomeÂ,#earthofficialÂ,#jenniferaniston#boxbraidsÂ,#bvcracingÂ,#boxbraids#gdragonbigbangÂ,#hgtvdreamhomeÂ,#bffgoals<U+0001F46D>#awesome_globepixÂ,#bberzurumspor,
7,#jadeplant,#elephantbush,#organic#lucknowblogger,#plantsmakepeoplehappy,#pictureoftheday,#pictureperfect,#tips,#hack,#knowyourworth#knowbetterdobetter,#earthday2020#earth#earthfocus#earthofficial,#healthy#healthyliving,,,,,,,,,,,,,,,,,,,,,
8,#Repost,#earthofficial,,,,,,,,,,,,,,,,,,,,,,,,,,,,,,
9,#travellingthroughtheworld,#instagram,#earth_deluxe,#fantastic_earth,#frog,#turegeography,#wonderful_places,#earthpix,#ture,#tiolgeographic,#colors_of_day,#awesomeearth,#awesome_earthpix,#animal,#awesome,#awesomeglobe,#earth_shotz,#watercolor,#earthofficial,#moodygrams,#Photographer,#insta_global,#tioldestitions,#beautifuldestitions,#ourplanetdaily,#landscapelovers#sunset,,,,,,
10,#switzerland,#unfiltered,#beautifulswitzerland,#visitswitzerland,#switzerland_vacations,#blickheimat,#beautifuldestitions,#stayandwander,#discoverearth,#earthofficial,#wanderpulse,#bealpine,#feelthealps,#roamtheplanet,#earthfocus,#ture_perfection,,,,,,,,,,,,,,,,
11,#teamkimon,,,,,,,,,,,,,,,,,,,,,,,,,,,,,,,
12,#sunset,#oggionolake,#natgeowild,#natgeolandscape,#pocket_world,#ig_landscape,#dream_spots,#visual_heaven,#landscapephoto,#landscape_lover,#natgeoadventure,#earthexperience,#mthrworld,#majestic_earthÂ,#igworldglobal,#iloveture,#ig_divineshots,#EarthOfficial,#planet_earth_shots,#earth_shotz,#marvelshots,#theworldshotz,#discoverglobe,#landscapelover,#landscapehunter,#igbest_shotz,#natgeoyourshotÂ,#picturetokeep_ture,,,,
13,#sky,#skyporn,#skyphotography,#sunsetlover,#igdaily,#sunset_pics,#moodygrams,#colors_of_the_day,#featuringearth,#earthdayeveryday,#earthofficial,#hubs_united,,,,,,,,,,,,,,,,,,,,
14,,,,,,,,,,,,,,,,,,,,,,,,,,,,,,,,
15,#ahmetkaya,#earth_deluxe,#fantastic_earth,#turegeography,#wonderful_places,#nikon,#sonyalphatr,#earthpix,#ture,#tiolgeographic,#colors_of_day,#awesomeearth,#awesome_earthpix,#canonusa,#awesometurkey,#awesomeglobe,#earth_shotz,#earthofficial,#moodygrams,#ourplanetdaily,#landscape,#sunset,#yourshotphotographer,#natgeoyourshot,#autumn,#golgelikadraj,#canon,#igbest_shadow,,,,
16,#volgoitalia,#landscape,#italy_vacations,#instaitalia,#instatravel,#awesomeearth,#awesomepix,#worldtravel,#travelawesome,#ourplanetdaily,#wonderfulplaces,#landscape,#earthlandscape,#italy,#italia,#madeinitaly,#destitionearth,#earthofficial,#italian_places,#topeuropephoto,#ig_italia,#ig_italy,#igersitalia,#thebestdestitions,#inufotografia,#top_italia_photo,#italyiloveyou,#places_wow,#earthfocus,#ig_euro,,
17,#toypoodle,#poodlesofinstagram,#poodlelove,#trÃ¤dgÃ¥rd,#poodlelife,#dog,#explore,#ture_perfection,#turelovers,#instature,#visitfinland,#finland_photolovers,#instadog,#outdoorfinland,#turephotographer,#outdooradventures,#adventure,#earthpix,#earthprotectors,#vegan,#earthofficial,#instaflowers,#instamood,#photo,#photojourlism,#gardener,#gardening,#betterbodieslifestyle,#green,#comingsoon,,
18,#yourshotphotographer,#earthfocus,#ourplanetdaily,#justgoshoot,#roamtheplanet,#waterfall,#waterfall_shots,#longexposure_shots,#earthpix,#earthofficial,#awesome_earthpix,#turelovers,#givebacktoture,#landscapephotography,#landscapelovers,#landscape_hunter,#divine_forest,#global_hotshotz,#finland_photolovers,#finland_frames,#finlandture,#nikonuknordic,#tamronusa,#hoyafilter,#2020nd,#kuhakoskiwaterfalls,#exploretocreate,,,,,
19,#faroe,#visitfaroeislands,#folkvibe,#folkcreative,#folkscenery,#fantasticearth,#mountainstones,#earthscope,#stayandwander,#wondermore,#discoverearth,#roamtheplanet,#moodygrams,#earth_shotz,#exploretocreate,#artofvisuals,#visualambassadors,#eclectic_shotz,#the_folkture,#theoutbound,#theimaged,#earthoutdoors,#canon_photos,#hikingtheglobe,#voyaged,#theweekoninstagram,#earthofficial,#fantasticearth,#earthpix,,,
20,#2020#india,#writer,#indian,#time,#hindi,#hindi_poetry,#hindilove,#hindustan,#lekhak,#urdu,#poetry,#instamood,#lockdown,#quarintine,#instalike,#ankitdevkumar,#alfaaz,#lafz,#world,#earthofficial,#poem,#instadaily,#igwriters,#poetry,#quoteoftheday,#waqt,#actor,#actorlife,#love,#motivation,,
21,#photooftheday,#fotograf,#beautifuldestitions,#earthfocus,#kedplanet,#turkey_home,#artofvisuals,#igdaily,#vsco,#vscocam,#natgeo,#wonderful_places,#earthpix,#turkey,#istanbul,#natgeoyourshot,#yourshotphotographer,#earthfocus,#journeys,#earthofficial,#ture,#discovery,#kedplanet,#sultahmet,,,,,,,,
22,#fatalframes,#worldbestgram,#epic-captures,#amazingphotohunte,#moodygrams,#lensbible,#beautifulmatters,#earthpix,#voyaged,#earth-shotz,#roamtheplanet,#vibesofvisuals,#folkscenery,#ourplanetdaily,#exploretocreate,#destitionearth,#liveoutdoors,#letsgosomewhere,#artofvisuals,#sourcedadventuresÂ,#voyagedÂ,#wonderlustcollectiveÂ,#roamtheplanetÂ,#modernoutdoorsÂ,#awesomedreamplacesÂ,#fantastic_earthÂ,#earthofficialÂ,#awesomeglobeÂ,#awesome_earthpixÂ,#wonderfulglobeÂ,#ture_perfection,
23,,,,,,,,,,,,,,,,,,,,,,,,,,,,,,,,
24,,,,,,,,,,,,,,,,,,,,,,,,,,,,,,,,
25,#kaiyhun_es,#earth_shotz,#moods_in_frame,,,,,,,,,,,,,,,,,,,,,,,,,,,,,
26,#iceland,#reykjavik,#earthpix,#ture_perfection,#traveltheworld,#landscape_lover,#sunsets_captures,#earthoutdoors,#exploreourearth,#global_creatives,#master_gallery,#earthofficial,#ig_bliss,#earthexperience,#wondersofourplanet,#earthvisuals,#iglandscape,#voyaged,#ture_sultans,#master_shots,#ourplanetdaily,#stayandwander,,,,,,,,,,
27,#hubs_united,#master_gallery,#eclectic_shotz,#toplongexposure,#longexposure,#longexpoelite,#longexposureoftheday,#longexposure_shots,#longexposure_official,#longexpo_addiction,#splendid_shotz,#splendid_earth,#natgeoyourshot,#natgeocreative,#turephotography,#ture_perfection,#ture_brilliance,#earthofficial,#earthescope,#earthvisuals,#earthpix,#leefilter,#ig_shots,#hot_shotz,#ture_captures,#ig_ture,#ig_turelovers,#roamtheplanet,#france,#waterfall,,
28,#mountain,#montagne,#mountainworld,#hello_france,#feelthealps,#igersfrance,#ig_europa,#explorefrance,#lacdemontagne,#natgeotravel,#francetourisme,#latergram,#igerseurope,#monisere,#paysageÂ,#landscape,#mountains,#auvergnerhonealpes,#auvergnerhonealpestourisme,#super_france,#myauvergnerhonealpes,#alps,#igersgrenoble,#francemontagnes,#tourisme,#grenoble,#lake,#randonnÃ©e,#lamontagnecavousgagne,#earthofficial,,
29,#mothersday,#family,#bucketlist,#together,#familytime,#vlog,#tiktok,#encinitas,#encinitaslife,#visitcalifornia,#visitsandiego,#moonlight,#wonderful_places,#visualart,#californiadreaming,#milliondollarvisuals,#california,#southerncalifornia,#beachlife,#creativeoptic,#100,#earthofficial,#liveoutdoors,#liveauthentic,#optoutside,#gooutside,#explorepage,#wanderlust,#exploremore,#turelovers,,
30,#mountains,#pnwonderland,#pnwlife,#neverstopexploring,#exploremore,#thestoked,#theoutbound,#visualambassadors,#moodygrams,#wildernesstones,#agameoftones,#amongthewild,#wildernessculture,#earthfocus,#earthofficial,#earth_reflect,#keepitwild,#wanderlust,#thegreatoutdoors,#folkscenery,#globetrotter,#switzerland,#simplyadventure,#theimaged,#ourplanetdaily,#artofvisuals,#voyaged,#visualoflife,#lensbible,#electic_shotz,,
31,#earth_deluxe#landscape#photooftheday#sunset#natgeo#colorful#discoverearth#amazingearth#landscape_captures#travelawesome#longexposure#turelovers#geography#earthofficial#photography#lonelyplanet#kyrgyzstan#ryn#issikkul,#myplanet#myworld#welcome,,,,,,,,,,,,,,,,,,,,,,,,,,,,,,
32,#sophia_from_<U+0001F1F7><U+0001F1FA>_with_<U+2665><U+FE0F>,#russia#europe#ture#ture_,#turelovers#landscape#landscape_captures#field,#wildlife#outdoors#moodygrams,#moody_ture#travel,#visitrussia#beautifulrussia,#picoftheday#lonelyplanet,#earthofficial#earthpix,#earth_sho,#ig_captures#shotonnokia#beautifuldstitions#tree,#sunset,#country_features#green#blue#trees,,,,,,,,,,,,,,,,,,,,
33,#sansebastian,#donostiasansebastian,#donostia,#ondarreta,#playadeondarreta,#playa,#hondartza,#gipuzkoa,#guipuzcoa,#paisvasco,#basquecountry,#euskadi,#euskalherria,,,,,,,,,,,,,,,,,,,
34,#IaminlovewithtureÂ,#alpacasofinstagramÂ,#alpacaloveÂ,#cutestÂ,#alpaca,#breakfastÂ,#farmlifeÂ,#alpacaworldÂ,#videoofthedayÂ,#smile,#qualitytimeÂ,#alpacalifeÂ,#alpakaÂ,#alpakaliebeÂ,#alpakahof,#frÃ¼hlingÂ,#frÃ¼hstÃ¼ckÂ,#turÂ,#bleibtzuhauseÂ,#austria,#earthofficialÂ,#funnyvideos,#stayandwanderÂ,#hypebeastÂ,#alpacafarm,#wonderful_places,#alpacawool,#eclectic_shotzÂ,#eatsleeprepeat,#alpacafarmÂ,#discoverearth,
35,#phonetography,#visualsoflife#exploretocreate#passionpassport#ourplanetdaily#beautifuldestitions#artofvisual#liveauthentic#wildernessculture#roamtheplanet#stayandwander#mainkesini#instagood#theoutbond#earthfocus#discoverearth#earthpix#earthofficial#roamtion#eclectic_shotz#rsa_ture#optoutside#livefolkindonesia#lensbible#photography#travelphotography#travelling,,,,,,,,,,,,,,,,,,,,,,,,,,,,,,
36,#cairo,#egypt,#cairoegypt,#cairospots,#everydaycairo,#madeinegypt,#city,#cityscape,#cityview,#cityvibes,#fatalframes,#depthobsessed,#heatercentral,#instagram,#artofvisuals,#way2ill,#wanderlust,#igtones,#travel,#earth_shotz,#earthofficial,#ourplanetdaily,#earthpix,#hubs_united,#meistershots,#master_gallery,#instagood,#createcommune,#createandcapture,#pyramid,,
37,,,,,,,,,,,,,,,,,,,,,,,,,,,,,,,,
38,#travellingthroughtheworld,#instagram,#earth_deluxe,#fantastic_earth,#altinkare,#turegeography,#wonderful_places,#earthpix,#ture,#tiolgeographic,#colors_of_day,#awesomeearth,#awesome_earthpix,#awesometurkey,#awesomeglobe,#earth_shotz,#earthofficial,#moodygrams,#Photographer,#tioldestitions,#beautifuldestitions,#ourplanetdaily,#landscape,,,,,,,,,
39,#colorado,#earthoutdoors,#wildernesstones,#rei1440project,#earthfocus,#roamtheplanet,#folkgood,#lifeofadventure,#livefolk,#getoutside,#artofvisuals,#wildernessculture,#ourplanetdaily,#discoverearth,#exploretocreate,#whyihike,#stayandwander,#keepexploring,#wekeepmoments,#optoutside,#discoverglobe,#earthofficial,#sonyalpha,#a6400,,,,,,,,
40,#animallovers,#animallove,#wildlifeofindia,#indianwildlife,#rajasthandiaries,#rajasthanwildlife,#traveldiaries,#incredibleindia,#wildlifeconservation,#wildlifeconservationsociety,#ture,#canonindia_official,#turelovers,#ture,#tureinfocus,#safariphotography,#junglelife,#wildlifeplanet,#animalonplanet,#turegeography,#wildlifefriend,#earthfocus,#wildgeography,#earthofficial,#discoverglobe,#canon_photos,#wildgeography,#reall_ture,#boredpanda,#ourplanetdaily,#natgeo,
41,#dobranoc#dojutra,#dozobaczenia,#zachÃ³dslonca,#beskidy,#widokzok,#kochamzachodyslonca,#cudownydzien,#pozytywnemyslenie,#pozytywnie,#sunset,#sunsetlover,#sunsetphotography,#beautifulearth,#ture,#earthofficial,#beautifulpic,#sky,#skyphotography,#igdaily,#igerspoland,#ig_turelovers,,,,,,,,,,,
42,#DjiSparkÂ,#baliÂ,#thisisindonesia,#beautifuldestitionsÂ,#depthsofearth,#earthofficialÂ,#fromwhereidrone#balilivin,#dronelife#nusalembongan,#kelingkingbeach,#hsdailyfeature#dronegearÂ,#indonesia,#drone#agameoftonesÂ,#balitourism,#createcommune#baliaslipic,#visitbali,#eclectic_shotzÂ,#fantastic_earth,#baligasm,#nusapenida,#fatalframes#droneofthedayÂ,#wonderfullindonesia,#balidaily,#thebalibible,,,,,,,,,
43,#sunset,#sunsetphotography,#sunsetlovers,#spring,#inspiration,#visualoflife,#field,#moodygrams,#outdoors,#stayandwander,#folkscenery,#folkgreen,#ourplanetdaily,#earthpix,#earthofficial,#tiolgeographic,#discoverearth,#tumblr,#instacaption,#windows,#picoftheday,#vsco,#vscocam,#ukraine,#stayandwonder,#somewheremagazine,#turephotography,#turelovers,#natgeo,,,
44,#stormÂ,#stars,#colorsofindia,#oneplusphotography,#indiaÂ,#amazingÂ,#universe_dopeÂ,#earthpixÂ,#longexpoeliteÂ,#meteorologyÂ,#photographyÂ,#earthofficialÂ,#OurPlanetDailyÂ,#ShockmansionÂ,#rahagirÂ,#seeindia,#bbcearthÂ,#amazingÂ,#photographyÂ,#stormscapeÂ,#stormÂ,#lightningÂ,#moodÂ,#tureÂ,#landscapeÂ,#nightscapeÂ,#EarthÂ,#yourshotphotographer,,,,
45,#shakorihills,#fromwhereidrone,#droneoftheday,#drone,#earthofficial,#explorenc,#explorenorthcaroli,#northcaroli,#chathamcounty,#sunrise,#mavic2pro,#dji,,,,,,,,,,,,,,,,,,,,
46,#landscapes,#landscapephotography,#landscapelover,#landscape_lovers,#landscape_photography,#landscapelovers,#landscapephotos,#landscape_captures,#discoverearth,#discoverglobe,#explorer,#awesome_earthpix,#awesome_earth,#earthcapture,#earthfocus,#earthofficial,#wonderfulglobe,#turelover,#turephotography,#pentaxian,#pentaxk1,#tree_shotz,#tree_captures,#tree_love,#tree_brilliance,#tree_magic,#visitcz,#czechrepublic,,,,
47,,,,,,,,,,,,,,,,,,,,,,,,,,,,,,,,
48,,,,,,,,,,,,,,,,,,,,,,,,,,,,,,,,
49,,,,,,,,,,,,,,,,,,,,,,,,,,,,,,,,
50,#sunshine,#sunset,#cloud,#nuage,#visualsofearth,#earthoutdoors,#outdoors,#turelover,#earthfocus,#earthofficial,#traveler,#travelphoto,#beautiful,#destition,#environment,#ecology,#ture,#tural,#turelovers,#ture,#wild,#wildlifephotography,#paradise,#explore,#djiglobal,#roam,#voyaged,#instagood,,,,
51,,,,,,,,,,,,,,,,,,,,,,,,,,,,,,,,
52,#ig_belgrade,#bg_ulice,#nightphotography,#ig_landscape,#dream_spots,#visual_heaven,#landscapephoto,#jbokyphotography,#natgeoadventure,#earthexperience,#pokazisvojrad,#majestic_earth,#igworldglobal,#iloveture,#ig_divineshots,#EarthOfficial,#earth_shotz,#marvelshots,#theworldshotz,#discoverglobe,#kedplanet,#theglobewanderer,#roamtheplanet,#fantastic_earth,#awesome_earthpix,#earthfocus,#colors_of_day,#visualambassadors,#ture_wizards,#bestcitybreaks,,
53,#<U+0432><U+0440><U+0435><U+043C><U+044F><U+0437><U+0430><U+043A><U+0430><U+0442><U+043E><U+0432>,#<U+0437><U+0430><U+043A><U+0430><U+0442>,#roamtheplanet,#planet_locations,#earthofficial,#splendid_earthÂ,#landscape_collectionÂ,#dscvr_mood,#stayandwanderÂ,#adventuretime,#exploringtheglobe,#ourplanetdaily,#fantastic_earthÂ,#turephotos,#tourtheplanetÂ,#outside_projectÂ,#wondermore,#natgeolandscapeÂ,#travelrepostÂ,#turephotography,#russianture,#exceptiol_pictures,#<U+0416><U+0435><U+043B><U+0435><U+0437><U+043D><U+043E><U+0432><U+043E><U+0434><U+0441><U+043A>,#<U+0441><U+0442><U+0440><U+0430><U+043D><U+0430><U+043A><U+043E><U+0441><U+043C><U+043E><U+0441>,#<U+0441><U+043D><U+044F><U+0442><U+043E><U+043D><U+0430>galaxy,#creativeoptik,#<U+0444><U+043E><U+0442><U+043E><U+041A><U+041C><U+0412>,#<U+0444><U+043E><U+0442><U+043E><U+0433><U+0440><U+0430><U+0444><U+041A><U+041C><U+0412>,#<U+0421><U+0442><U+0430><U+0432><U+0440><U+043E><U+043F><U+043E><U+043B><U+044C><U+0441><U+043A><U+0438><U+0439><U+043A><U+0440><U+0430><U+0439>,,,
54,#travel,#femmetravel,#travelgirl,#globe_travel,#travelblogger,#beautifulplaces,#beautifuldestition,#ladiesgoneglobal,#tasteintravel,#traveldeeper,#huffpostgram,#adventuregirls,#bikinilife,#sheisnotlost,#bestdiscovery,#earthfocus,#wonderfulplaces,#youmustsee,#awesomepix,#luxuryworldtraveler,#exploremore,#earthofficial,#theglobewanderer,#travelawesome,#luxurytravel,#widenyourworld,#luxuryhotel,#capetown,#ture,#capetown,,
55,#liveauthentic,#exploretocreate,#wildernessculture,#beautifuldestitions,#lifeofadventure,#visualoflife,#roamtheplanet,#discoverearth,#artofvisuals,#main_vision,#welivetoexplore,#earthfocus,#exploringtheglobe,#neverstopexploring,#beskidy,#turephotographer,#pagearth,#earthpix,#earthofficial,#turelovers,#explorepage,#explore,#turegeography,#travelpic,#instatravel,#earth_shotz,#earth,#earthpics,#poland,#mountains,,
56,#captureyyc,#calgaryisbeautiful,#yycphotogrpaher,#iamdowntown,#calgaryphotographer,#sharecalgary,#calgarylife,#picoftheday,#photooftheday,#capture,#camera,#photographysouls,#spshot,#agameoftones,#discoverearth,#exploretocreate,#roamearth,#earthfocus,#earthofficial,#roamtheplanet,#photooftheday,#travelgram,#thecreatorclass,#createcommune,#fatalframes,#main_vision,#awesome_earthpix,,,,,
57,#Igerscatalunya#bestpicscatalunya#Ig_captures#Igersvoriental#special_shots#ig_europe#earthofficial#wonderfulworld#ig_masterpiece#welivetoexplore#ilovepiques#landscapelovers#landscapephotography#instatravel#instantes_gf#catalunyaexperience#catalunya#b&w#catalanspelmon#catalunya#catalunya_imagi#london#bigben#nightphotography#reflexion#splendid_reflections#reflejos#reflexosdelmon,,,,,,,,,,,,,,,,,,,,,,,,,,,,,,,
58,#<U+0635><U+062F><U+0641>_<U+0645><U+0648><U+0633><U+06CC>_<U+067E><U+0648><U+0631>,#<U+0635><U+0627><U+0645><U+0648>,#beautyofture,#besttureshot,#conservation,#discoverearth,#earth_portraits,#earthfocus,#earthofficial,#earthpics,#earthpix,#ecology,#fantastic_earth,#fiftyshades_of_ture,#iloveture,#keepitwild,#kedplanet,#ture_lovers,#ture_of_our_world,#tureaddict,#turebeauty,#tureisbeautiful,#<U+06A9><U+0641><U+0634><U+062F><U+0648><U+0632><U+06A9>#<U+0639><U+06A9><U+0633>_<U+0647><U+0646><U+0631><U+06CC>,#<U+0639><U+06A9><U+0633>_<U+0631><U+0648><U+0632>,#<U+0639><U+06A9><U+0633>_<U+0632><U+06CC><U+0628><U+0627>,#<U+0639><U+06A9><U+0633>_<U+067E><U+0631><U+062A><U+0631><U+0647>,,,,,,
59,,,,,,,,,,,,,,,,,,,,,,,,,,,,,,,,
60,#camping,#tentcamping,#arizo,#flagstaff,#sedo,,,,,,,,,,,,,,,,,,,,,,,,,,,
61,,,,,,,,,,,,,,,,,,,,,,,,,,,,,,,,
62,#elephant,#safari,,,,,,,,,,,,,,,,,,,,,,,,,,,,,,
63,,,,,,,,,,,,,,,,,,,,,,,,,,,,,,,,
64,#photooftheday,#fotograf,#beautifuldestitions,#earthfocus,#kedplanet,#turkey_home,#artofvisuals,#igdaily,#vsco,#vscocam,#wonderful_places,#earthpix,#turkey,#istanbul,#natgeoyourshot,#yourshotphotographer,#earthfocus,#journeys,#earthofficial,#ture,#discovery,#kedplanet,#sultahmet,,,,,,,,,
65,,,,,,,,,,,,,,,,,,,,,,,,,,,,,,,,
66,#landscapephotography,#turephotography,#oceanphotography,#beachphotography,#photography,#photooftheday,#photo,#pictureoftheday,#picture,#picoftheday,#pic,#art,#artoftheday,#fotografia,#fotooftheday,#foto,#beach,#sand,#water,#ocean,#earthfocus,#earthofficial,#earthpics,#wanderlust,#landscape,#ture,#bluesky,#clouds,#cloudscape,#skyporn,,
67,#landscapephotography,#turephotography,#oceanphotography,#beachphotography,#photography,#photooftheday,#photo,#pictureoftheday,#picture,#picoftheday,#pic,#art,#artoftheday,#fotografia,#fotooftheday,#foto,#pier,#lighthouse,#water,#ocean,#earthfocus,#earthofficial,#earthpics,#wanderlust,#landscape,#ture,#bluesky,#clouds,#cloudscape,#skyporn,,
68,,,,,,,,,,,,,,,,,,,,,,,,,,,,,,,,
69,,,,,,,,,,,,,,,,,,,,,,,,,,,,,,,,
70,,,,,,,,,,,,,,,,,,,,,,,,,,,,,,,,
71,#beautifuldestitions,#watchthisinstagood,#wildernessculture,#stayandwander,#artofvisuals,#agameoftones,#moodygrams,#earthfocus,#shotoniphone,#fanstasticearth,#earthpix,#ourplanetdaily,#discoverearth,#earthofficial,#illgrammers,#exploretocreate,#exploretocreate,#lifeofadventure,#liveauthentic,#roamtheplanet,#visualsofearth,#visualsoflife,#theglobewanderer,#moodygrams,#moodtion,#iamatraveler,#villefranchesurmer,#frenchriveria,#cotedazurfrance,#nicefrance,,
72,,,,,,,,,,,,,,,,,,,,,,,,,,,,,,,,
73,#fotografie,#mindfulness,#scenery,#yourshotphotographer,#sunsets,#visualgang,#sky,#visualsoflife,#visualoflife,#visualsofearth,#landscapephotography,#scenic,#earth,#postcardsfromtheworld,#world,#worldcaptures,#evening,#outdoors,#tura,#total_finland,#turegram,#instaturelover,#earthofficial,#mothetearth,#wanderer,#instatravel,#ture_brilliance,#myday,#moodoftheday,#turelovers,,
74,#artofvisualsÂ,#moodygramsÂ,#eclectic_shotz,#ourplanetdailyÂ,#folkgreenÂ,#visualsofearthÂ,#lensbibleÂ,#agameoftones,#exploreourearthÂ,#roamtheplanetÂ,#weroamgermanyÂ,#modernoutdoorsÂ,#folksceneryÂ,#earthofficial,#theimagedÂ,#lifeofadventureÂ,#tureÂ,#photographyÂ,#stayandwanderÂ,#earthÂ,#visualsoflife,#voyagedÂ,#allaboutadventures,#weroamabroad,#weroamhomeÂ,#hellofromÂ,#SouthAmerica,#oeschinenseeÂ,#VisitUruguay,,,
75,#Oberstdorf,#allgÃ¤u,#Bayern,#Berge,#visitbavaria,#earthscope,#bavaria,#mountainstones,#discoverearth,#roamtheplanet,#canon_photos,#theweekoninstagram,#earthofficial,#fantasticearth,#landscape,#exploretocreate,#dailyallgaeu,#heimwehchoberstdorf,#allgÃ¤utourist,#canonwhatelse,#deinbayern,,,,,,,,,,,
76,#earthofficial,#solotraveler,#ecuadorturistico,#solitude,#earthdayeveryday,#toneheaven,#earthfocus,#andes,#leagueoflenses,#tripstagram,#viajaprimeroecuador,#ecuatoriano,#instameetec,#bealpha,#ecuadoramalavida#southamericatrip,#allyouneedisecuador,#loja,#latimerica,#latamgram,#turismoecuador,#exmortevita,,,,,,,,,,,
77,#timeoutsociety,#awesome_earthpix,#beautifulmatters,#ourplanetdaily,#humpbackwhale,#wonderful_places,#greatesttravels,#awesomelifestyle,#discoverglobe,#tonga,#awesome_photographers,#travelstoke,#viagem,#lonelyplanet,#heavenlyplanet,#earthfever,#iamtb,#gopro,#travel,#vocenooff,#earthofficial,#welivetoexplore,#bestplacestogo,#natgeoyourshot,#beautifuldestitions,#bestvacations,#nomadwhere,#euvoujanela,#bestplacestogo,,,
78,#walks,#exploring,#explore,#exploremore,#explorer,#surrey,#isolation,#amateurphotography,#canon,#canonphotography,#photooftheday,#canonuk,#iphonephotography,#surreyphotographer,#fields,#photography,#photographer,#photographylovers,#photographs,#garden,#theoutdoors,#sunset,#thegreatoutdoors,#earthofficial,#rapeseed,#sunsets,#sunsetphotography,#sunset_pics,#sunsetlover,#sunsets_captures,,
79,#skytrail,#landscapepaintings,#moontrail,#natgeohub,#natgeowild,#natgeolandscape,#pocket_world,#ig_landscape,#dream_spots,#visual_heaven,#landscapephoto,#landscape_lover,#natgeoadventure,#earthexperience,#mthrworld,#majestic_earth,#somewheremagazine,#iloveture,#ig_divineshots,#earthofficial,,,,,,,,,,,,
80,#aloha,#vacationmode,,,,,,,,,,,,,,,,,,,,,,,,,,,,,,
81,,,,,,,,,,,,,,,,,,,,,,,,,,,,,,,,
82,#@saeed.mehrabi52,#feelthealps,#bealpine,#bergpic,#wirliebendieberge,#earth_deluxe,#discoverture,#ourplanetdaily,#exploreourearth,#exploretocreate,#tureonly,#weroamgermany,#earthofficial,#wildernessculture,#wildernesstion,#special_shots,#ture_seeker,#visualsofearth,#folksouls,#shotzdelight,#earthvisuals,#visualcreators,#mthrworld,#master_shots,#turegeography,#wildernesstones,#outdoortones,,,,,
83,,,,,,,,,,,,,,,,,,,,,,,,,,,,,,,,
84,#theIMAGED,#artofvisuals,#global_hotshotz,#folkgood,#exklusive_shot,#beautifuldestitions,#passionpassport,#exploretocreate,#createexplore,#awesome_earthpix,#awesomeearth,#earthfocus,#earthofficial,#feedbacktion,#wilderness_culture,#visualsoflife,#justgoshoot,#instagood,#vsco,#ture,#turephotography,#turelovers,#traveller,#natgeotravel,#nikon,#nikonphotography,#tanyardcreek,#arkansasoutdoors,#nwarkansas,,,
85,#Nikon,#beautifuldestitions,#earthofficial,#wow_planet,#ourplanetdaily,#earthfocus,#moodygrams,#mthrworld,#ig_california,#longexpoelite,#longexpohunter,#longexpo_kings,#longexposureshots,#milkyway,#astrophotography,#nightsky,#astrophoto,#universetoday,#nikontop,#nikon_photography_,#nikonlove,#nikonfallCA,#inyotiolforest,#easternsierra,#monocounty,#landscapers,#njspotstravels,#choosemountains,#landscapephotographymagazine,#vanguardworld,,
86,#bns_landscape,#master_shots,#fantastic_earth,#exklusive_shot,#longexpoelite,#artofvisuals,#dream_image,#globalcapture,#earthpix,#alltureshots,#global_hotshotz,#instagood,#landscape_lovers,#jaw_dropping_shots,#awesomeearth,#mthrworld,#ig_photostars,#artofvisuals,#unique_shots,#globewonders,#landscape_captures,#worldprime,#longexposure,#splendid_earth,#special_shots,#earthofficial,#shotzdelight,#haidafilter,#inspiration_by_benq,#fotoproitalia,,
87,#awesomeearthpix,#earthpix,#earthfocus,#awesome_earthpix,#theworldshotz,#loves_landscape,#ic_longexpo,#magicpict,#fantastic_earth,#landscape_photography,#landscapestylesgf,#landscape,#landscapestyles_gf,#landscapephotographer,#landscape_captures,#planet_tour,#earth_shotz,#awesomeearth,#ture_brilliance,#marvelshots,#earthofficial,#discoverearth,#earth_deluxe,#worldshotz,#landscape_lovers,#ic_landscapes,#dream_image,#bucketlistideas,#paradise<U+0001F334>,#beforeidie,,
88,#Exmouth,#PLACESSEENTHROUGHMYLENS,#neuehorizonte,#athomeoutdoors,#tureiswaiting,#WeRoamAbroad,#liveforthestory,#welcometoture,#sigmafoto,#AlphaPro,#SonyAlpha,#longexpoelite,#milkywayscientists,#earthofficial,#nightshooters,#Australia,#Westerustralia,#IloveAustralia,#visitAustralia,#Australia_oz,#milkywaychasers,#longexposure_shots,#newmilkyway,#nightscaper,#nightskape,#Seeaustralia,#australiasnorthwest,#thisisWA,,,,
89,#timessquare,#nyc,#newyork,#newyorkcity,#usa,#america,#roamtheplanet,#ourplanetdaily,#beautifuldestitions,#picoftheday,#pictureoftheday,#theglobewanderer,#tioldestition,#earth_shotz,#ig_photooftheday,#fantasticearth,#earthofficial,#lifeofadventure,#instatraveling,#neverstopexploring,#lensbible,#nikon,#nikonphotography,#nikond750,#ig_shotz,#discoverearth,#tiolgeographic,#natgeo,,,,
90,#travel_drops,#divine_villages,#travellingthroughtheworld,#travelanddestitions,#hello_worldpics,#bestplacestogo,#tourtheplanet,#destitionearth,#awesomeearth,#discoverearth,#earthofficial,#divine_worldplaces,#divine_ladolcevita,#earth_shotz,#travelinspiration,#cbviews,#bestcitybreaks,#villages,#kings_villages,#map_of_europe,#living_europe,#topeuropephoto,#europe_vacations,#living_destitions,#tlpicks,#hdr_addiction,#travelandleisure,#voyaged,#fantastic_earth,#awesome_earthpix,,
91,#montagne,#outdoors,#glacier,#ture,#mountains,#alpinisme,#wildlife,#freedom,#montblanc,#passionmontagne,#mountainworld,#alps,#earthofficial,#landscape,#paysage,#wilderness,#wilderness-mguides,#vivelavie,,,,,,,,,,,,,,
93,#banff,#banfftiolpark,#explorealberta,#alberta,#imagesofcada,#cada,#canoncada,#explorecada,#ourplanetdaily,#landscapephotography,#photography,#visualsofearth,#lensbible,#artofvisuals,#earthpix,#earthofficial,#earthfocus,#earthoutdoors,#earth,#tureonly,#folkscenery,#bbcearth,#reflectiongram,#discoverearth,#tlpicks,#morainelake,#lakemoraine,#lakelouise,#banfflakelouise,#banffcada,,
94,#lapland<U+2060>,#visitlapland<U+2060>,#finland<U+2060>,#winter<U+2060>,#photography<U+2060>,#travel<U+2060>,#<U+65C5><U+884C><U+2060>,#welivetoexplore<U+2060>,#moodygram<U+2060>,#<U+666F><U+8272><U+2060>,#artofvisulas<U+2060>,#beautifuldestitantions<U+2060>,#earthfocus<U+2060>,#ture<U+2060>,#<U+81EA><U+7136>,#travel<U+2060>,#wanderlust<U+2060>,#solotravel<U+2060>,#adventure<U+2060>,#photooftheday<U+2060>,#wekeepmoments,#earthofficial<U+2060>,#ourplanetdaily,,,,,,,,,
95,#visitengland,#blackandwhite,#picoftheday,#igersuk,#ture,#earthfocus,#ukpotd,#walkinguk,#bbctravel,#natgeotravel,#genuinebritain,#thephotosociety,#nikonuk,#ukpotd,#earthimagined,#discoverearth,#earthcapture,#earthofficial,#castlecombe,#beautifuldestitions,#bestukpics,#ukscenery,#igers,#village,#british,#history,#uk_shooters,#potd,#ukphotographer,#photographer,,
96,#moodyfilm,#moodygrams,#agameoftones,#yourshotphotographer,#worldprime,#natgeo,#world_photography_page,#earthofficial,#earthpix,#landscapephotography,#dronestragram,#ig_color,#igdaily,#ig_muse,#ig_respect,#ig_killerz,#turalbangladesh,#splendid_shotz,#walkbangladesh,#visualsofasia,#visualart,#visual_ambassadors,#artofvisuals,#ourclickdays,#ourcolourdays,#yourshotphotographer,,,,,,
97,#arambassadors,#northwestarkansas,#ozarks,#chasingwaterfalls,#arkansas,#waterfallsofarkansas,#wonderfularkansas,#arkansasonly,#theoutbound,#wanderlust,#just_unitedstates,#waterfall,#photography,#VisitArkansas,#arkanfalls,#stayandwander,#awesomeearth,#earthlandscape,#tures_marvels,#earthofficial,#natgeotravel,#keepitwild,#earthspirit,#tourtheplanet,#adventurevisuals,#fantastic_earth,#creek,#creeklife,,,,
98,#me#outfit#earthofficial,,,,,,,,,,,,,,#ig_captures,#heart,#artoftheday,#spiritualjourney,#divinefeminine,#instadaily,#instatravel,#awareness,#natgeocreative,#quarantinedays,#photographylovers,#instalove,#ig_turelovers,#ture_brilliance,#consciousness,#tfjourney,,
99,,,,,,,,,,,,,,,#theworldshotz,#ture,#photography,#instagood,#pocket_world,#dream_spots,#earth,#visual_heaven,#earthexperience,#majestic_earth,#earthgridz,#curatethis1x,#agameoftones,,,,,
100,#wanderlust,#earthofficial,#travelgram,#inspiration,#throughthelens,#philosophy,#love,#turephotography,#peru,#philosophie,#oneness,#mondaymotivation,#surrendertotheflow,#photooftheday,#exploretocreate,#earthpix,#miliondollarvisuals,#visualambassadors,#travelphotography,#landschaftsfotografie,#landscape,#dji,#djispark,#djidrone,#fromwhereidrone,#dronephotography,#droneoftheday,#drone_greece,#droneglobal,,,
101,#deathvalley,#deathvalleytiolpark,#sanddunes,#desert,#bluehourphotography,#tiolpark,#explorecalifornia,#marvelshots,#ig_divineshots,#earthofficial,#awesomeglobe,#explore,#outdoors,#spendid_earth,#travelpicsdaily,#travelworldwide,#earthbestshot,#traveladventure,#earthplanet,#travellover,#earthfocus,#travelporn,#travelawsome,#earthbeauty,#travelingthroughtheworld,#traveling,#earthlandscape,#travelforlife,#travelexploring,#earthisbeautiful,,
102,#moodygrams,#agameoftones,#athensvoice,#way2ill,#earthofficial,#earthfocus,#wu_greece,#greekstreetmag,#instameetgreece,#getolympus,#fatalframes,#justgoshoot,#human_art,#artquarantined,#ethereal,#ethereal_moods,#ig_eternity,#ig_fotografdiyari,#Awesomedreamplaces,#fantastic_earth,#earthofficial,#awesome-earthpix,#wonderfulglobe,#pclimd,#modernoutdoors,#theweekononstagram,#Igbest_shotz,#hot_shotz,#ig_shotz,#earthofficial,,
103,#earth,#travel,#travelphotography,#earthphotography,#travelislove,#earthtravelpix,#earthpix,#earthofficial,#travelexperience,#earthfever,#travelinspiration,#traveltheworld,#travelphotographyoftheday,#earthawesome,#wonderfulglobe,#modernoutdoors,#theweekoninstagram,#awesomedreamplaces,#divine_forest,#rsa_fog,#rural_love,#phaseone,#phaseonexf,#mediumformat,#landscapelove,#weroamgermany,#mountainlove,#mountainlife,#longexposureshots,#starsareshining,,
104,#landscape,#lake,#snow,#snowshoe,#hike,#igers,#earth,#earthofficial,#ig_photostars,#ig_myshot,#ig_today,#earthfocus,#globalcapture,#ig_serenity,#ture_kermanshah#turephotography,#turephotograph#mountains,#scenery,#fotografie#landscapephotography#amaturephotography,#kirmasÂ¸an,#kermanshah#hikewithpk,#<U+06A9><U+0631><U+0645><U+0627><U+0634><U+0627><U+0646>,#<U+06A9><U+0631><U+0645><U+0627><U+0646><U+0634><U+0627><U+0647>,#<U+06A9><U+0631><U+0645><U+0627><U+0646><U+0634><U+0627><U+0647>_<U+06AF><U+0631><U+062F><U+06CC>#<U+0633><U+0631><U+0648><U+0634><U+062A><U+06CC>_<U+06A9><U+0648><U+0631><U+062F><U+0633><U+062A><U+0627><U+0646>#<U+0639><U+06A9><U+0627><U+0633><U+06CC>_<U+0637><U+0628><U+06CC><U+0639><U+062A>#,,,,,,,,,
105,#goplayoutside,#keepyourdistance,,,,,,,,,,,,,#earthofficial,#wander,#mountains,#tourismelebanon,#earth,#earthofficial,#rsa_outdoors,#natgeo,#shainblumff,#landscape,#photography,#photooftheday,,,,,,
106,,,,,,,,,,,,,,,#swipe,#bergpic,#nikon,#nikondach,#landscapelovers,#landscapehunter,#ig_best_shots,#natgeoyourshot,#epiccaptures,#awesomeearth,#earth_portraits,#places_wow,,,,,,
107,#fieldwork,#photooftheday,#turelovers,#worldtravel,#windolph,#diewocheaufinstagram,#fantastic_earth,#earthofficial,#roamtheplanet,#awesomeglobe,#exploretocreate,#vzcomood,#awesome_earthpix,#majestic_earth,#earth_shotz,#marvelshots,#theworldshotz,#discoverglobe,,,,,,,,,,,,,,
108,#hobbyfotografie,#hobbyphoto,#igearth,#earthfocus,#earhlover,#earth_pix,#earthofficial,#earthreflect,#earthlandscape,#earth_bliss,#sonyphotos,#landscapephotography#earthvisuals,#earthlandscape#photographyaccount,#earth_bliss#landschaftsfotografie,,,,,#landscapelover,#landscape_captures,#landscapes,#landscape_photography,#pixel_ig,#landscape_hunter,#landscape_lovers,#canon_photos,#washington,#roamtheplanet,#seattletravelblogger,,,
109,#woodvivorslb,#hikingadventures,#campinglife,#turelove,#photooftheday,#campingphotography,#swissshepherd,#swissshepherdsofinstagram,#campingseason,#earthofficial,#beautifuldestitions,#visitlebanon,#campinglife,#campingwithdogs,#pnw,#awesome_earthpix,#pnwphotographer,#landscapephotography,#squareofmiracles,#exploreitaly,#beautifuldesitions,#earthofficial,#passportready,#earth_fantastics,,,,,,,,
110,#wilderkaiser,#koasa,#hiking,#mountaineering,#mountains,#view,#ontop,#ridge,#edge,#mood,#rain,#snow,#spring,#panorama,#exploreeurope,#italylovers,#architecturedaily,#miracleshappeneveryday,#earthofficial,#marvelshots,#turehippys,#tiolgeographic,#landscapephotography,#landscapehunter,#fantastic_earth,#theworldshotz,#awesome_earthpix,#landscape_lover,#natgeoyourshot,#natgeotravel,,
111,#ig_landscape,#pocket_world,#dreamspots,#landscapelovers,#visual_heaven,#natgeoadventure,#majestic_earth,#earthexperience,#mthworld,#majestic_earth,#ig_worldglobal,#iloveture,#ig_divineshots,#earthofficial,#tureaddict,#wildlifephotography,#discoverglobe,#iloveture,#mittfriluftsliv,#nÃ¦rfriluftsliv,#norskfriluftsliv,#iturÂ,#fjelltid,#turistforeningen,#jakttelemark,#rype,#rypejakt,#hÃ¸st,,,,
112,#HuaweiP30Pro,,,,,,,,,,,,,,#norges_fotograferÂ,#global_creatives,#utno,#tureshotsÂ,#mountainlovers,#alpinista,#climbing,#choosemountains,#bergwelten,#climbinggirls,#bergliebe,#earthofficial,#earthoutdoors,#climbinglife,#mountaingirlsdoitbetter,#alpinismo,,
113,#getlost,#explorer,#optoutside,#worldshotz,#instapassport,#instatraveling,#igtravel,#pnwlife,#createexplore,#toptravel,#thebestdestitions,#globe_travel,#earthofficial,#pnwonderland,#outdooradventures,#bergsteigen,#mountaineering,#mountaingirls,#werehikers,#slovakiaturehd,#themountainiscalling,#welltravelled,,,,,,,,,,
114,#picofday<U+0001F4F7>,#travelblog,#travellersgram,#traveldiary_aroundtheworld,#pisaitaly,#pisatower<U+0001F1EE><U+0001F1F9>,#italytravel,#italytrip,#unescoheritagesites,#unesco_world_heritage,#heritagecity,#passionpassports,#leaningtower,#visiteurope,#exploretocreate,#earthofficial,#tatranskamafia,#worldcaptures,#ourmoodydays,#earthofficial,#wildernessculture,#earthfocus,#czskaddicted,#folkgrid,#roamtheplanet,#exploretocreate,#igerscz,#slovakiaplace,#thisisslovakia,#insta_svk,,
115,#turewalk,#turegram,#turelove,#tureonly,#tureporn,#besttureshot,#tureshots,#turephoto,#landscapes,#planet,#earthpix,#kedplanet,#ture_lovers,#turesbeauty,#welcometoture,#stayandwander,#folkgreen,#folkvibe,#allgÃ¤utourist,#canonwhatelse,#deinbayern,,,,,,,,,,,
116,#Jaktgutta,#jaktfiskeogfriluftsliv,#jaktÂ,#fiskeÂ,#friluftslivÂ,#turÂ,#turÂ,#villmarkÂ,#villmarkslivÂ,#wildlifeshots,#norway2dayÂ,#mynorwayÂ,#yourshotphotographerÂ,#earthofficialÂ,#landscape,#exploretocreate,#dailyallgaeu,#heimwehchoberstdorf,#beautifuldestitions,#earthpix,#discoverearth,#discoverture,#wildernessculture,#wildlifeplanet,#earthofficial,#artofvisuals,#amazingture,#mindthemountains,#traveladdicted,#earth_shotz,,
117,#klettern,#allgÃ¤u,#climbingtrip,#climbinglovers,#rockclimbing,#climbinggear,#rockclimbingwomen,#mountain_world,#mountains,#ture,#turephotography,#draussenzuhause,#outdoors,#landscapephotography,#travel,#wildernessearth,#thegreatoutdoors,#welivetoexplore,,,,,,,,,,,,,,
118,#dnescestujem,#travels,#travelgram,#traveller,#travelphotography,#traveltheworld,#welivetoexplore,#moodygrams,#instatravel,#dametraveler,#letsgosomewhere,#hiking,#folk_ture,#hikingtheglobe,,,,,#gf_tureÂ,#fhvkÂ,#cdmx#cddelcarmencampecheÂ,#gfriendÂ,#vforvictoryÂ,#lhh#hgtvdreamhomeÂ,#earthofficialÂ,#jenniferaniston#boxbraidsÂ,#bvcracingÂ,#boxbraids#gdragonbigbangÂ,#hgtvdreamhomeÂ,#bffgoals<U+0001F46D>#awesome_globepixÂ,#bberzurumspor,
119,#moodygrams,#slovakgramers,#igmasters,#ourplanetdaily,#travelstoke,#exploremore,#goexplore,#cinestill,#adventurevisulas,#neverstopexploring,#openmyworld,#fotkukazdejden,#exploreslovakia,#roamoneture,#gfriendÂ,#hg_pictureÂ,#bgmÂ,#bffgoals<U+0001F46D>#httydÂ,#instafashion,#insta,#spseed,#artistsoninstagram,,,,,,,,,,
120,#Oberstdorf,#allgÃ¤u,#Bayern,#Berge,#visitbavaria,#earthscope,#bavaria,#mountainstones,#discoverearth,#roamtheplanet,#canon_photos,#theweekoninstagram,#earthofficial,#fantasticearth,#cinematography,#art,#instagood,#instagram,#liveauthentic,#roamtheplanet,#discoverearth,#visualsofearth,#liveauthentic,#visualsoflife,#stayandwander,#TheGlobeWanderer,#bdbucketlist,#california,#theonlycalifornia,#sonyalpha,#cayucos,
121,#praveslovenske,#slovenskofotke,#malekarpaty,#slovenskehory,#living_europe,#livingsvk,#trva,#lovetravel,#staywild,#goexplore,#explore,#ture,#mountains,#view,#illgrammers,#Createcommune,#explore#bdbucketlisttocreate,#lifeofadventure,,,,,,,,,,,,,,
122,,,,,,,,,,,,,,,,,,,,,,,,,,,,,,,,
123,#knittingÂ,#ggallinÂ,#reeducaÃ§Ã£oalimentar#hg_pictureÂ,#gfriendÂ,#gfriendÂ,#bcaaÂ,#hg_picture#hg_pictureÂ,#vcmochilandoÂ,#offensivememes#hg_pictureÂ,#hhauthorisedagentÂ,#gf_ture#hg_pictureÂ,#offensiveÂ,#gfriendÂ,#hgtvdreamhome#jhumkiesÂ,#makeeachdaycount,#earthofficial,#bbcearth,#bbcwildlife,,,,,,,,,,,,,,
124,#gilgitbaltistan,#karakorummountainclubb,#peace,#photography,#pakistan,#photooftheday,#incredible,#love,#kpunkka,#earthofficial,#earthfocus,#spseedpk,#citrustalent,#ture,,,,,,,,,,,,,,,,,,
125,#beautifuldestitions,#watchthisinstagood,#wildernessculture,#modernoutdoors,#Artofvisuals,#AGameofTones,#Earthfocus,#moodygrams,#fantastic_earth,#earthpix,#ourplanetdaily,#discoverearth,#exklusive_shot,#earthofficial,,,,,,,,,,,,,,,,,,
126,,,,,,,,,,,,,,,,,,,,,,,,,,,,,,,,
127,#muteswan,#muteswans,#muteswansofinstagram,#swan,#swans,#swansofinstagram,#localpond,#bathgate,#westlothian,#scotland,#pond,#ture,#wildlife,#livingmybestlife,,,,,#earthofficial,#natgeo,#beautifuldestitions,#pixel_ig,#landscapelover,#amazingplaces,#landscapephotomag,#natgeoyourshot,#exploretheglobe,#splendid_earth,#ourplanetdaily,,,
128,,,,,,,,,,,,,,,#tiolgeographic,#kedplanet,#places_wow,#optoutside,#ture,#ture_shooters,#wonderful,#wonderful_place,#worldshotz,#world_shotz,#beautifuldestitions#earthfocus,#awesome_earthpix,#awesome_earth,,,,,
129,,,,,,,,,,,,,,,#landscapephoto,#landscape#earthpics,#earthofficial,#ourplanetdaily,,,,,,,,,,,,,,
130,#hangingout,,,,,,,,,,,,,,,,,,#garden,#turelovers,#travelguide,#instatravel,#tripadvisor,#travelphotography,#traveltheworld,#earthofficial,#travelwesome,#ubut,#summer,#camprail,,
131,#ciochepiaceallavista,#skyporn#earthpix,#sunsetlover#sunsettravelofficial#moon_sunset#insta_sky_lovers#skyaddict#cloudpornography#sunrise_sunset_aroundworld#skycaptures#lightzine#take_magazine#puestadesol#earthofficial#landscapephotography#ig_amazingture#puestadesol,#ig_shotz#ig_shotz_sunset#big_shotz#igworldclub_sunset#sunset_universe#sunset_hunter#world_sunsetnsky#sunrise_and_sunsets#best_skyshots#sky_marvels#nubes#earth_shotz#sunset_vision,,,,,,,,,,,#dopinghafiza,#design,#architecture,#living,#discoverglobe,#instagram,#animalplanet,#texture,#flower,#bud,,,,,,,,
132,#photoÂ,#photogramÂ,#photographerÂ,#photoofthedayÂ,#picturesÂ,#photographyislifeÂ,#captureÂ,#instaloveÂ,#picofthedayÂ,#keepitsimpleÂ,#exposureÂ,#collectivelycreateÂ,#instagood,#travelphotos,#wanderlust,#pictureperfect,#jessopsmoment,#earthofficial,#picture,#discoverglobe,#earthofficial,#instagood,#hdr,#camera,#leaves,#tree,#green,#natgeo,#animalplanet,,,
133,#Repost,#DronefromhomeFFA,#wonderfulIndonesia<U+2063><U+2063><U+2063><U+2063>,#livefolkindonesia<U+2063><U+2063><U+2063><U+2063>,#komodo<U+2063><U+2063><U+2063><U+2063>,#labuanjo,#padarisland<U+2063><U+2063><U+2063><U+2063>,#thebalibible<U+2063><U+2063><U+2063><U+2063>,#balibible<U+2063><U+2063><U+2063><U+2063>,#droneture<U+2063><U+2063><U+2063><U+2063>,#earthoutdoors,#earth_shotz,#moods_in_frame,#instafotorepost,#loveforphotography,#wallpaper,#shadow,#beautiful,#visitblackforest,#visitbw,#bwjetzt,#outsidemagazine,#blackforestgermany,#earthofficial,#complementary,#weroamgermany,#folkscenery,#athomeoutdoors,#visualscollective,#turebawue,,
134,#trekkersofindia,#india_undiscovered,,,,,,,,,,,,,#schwarzwald,#meinbw,#bawue_vision,#rsa_outdoors,#stayindexplore,#ture,#wildlife,#feelalive,#EarthCapture,#discovery,#wwfindia,#asiaticlion,#indianwildlife,#discoveryuk,#wwf,#wildlifephotography,#YourShotPhotographer,
135,#travellingthroughtheworld,#beautifuldestitions,#seyahat,#igbest_shots,#dream_image,#global_creatives,#turkobjektif,#amazing_shots,#guide,#worldtour,#takipedenitakipederim,#ture,#photooftheday,#photography,#earthofficial,#photography,#turephotography,#natgeo,#top_macroÂ,#besttureshots,#magicpictÂ,#longexpoeliteÂ,#wu_japanÂ,#fotolojihanem,#ig_shotzÂ,#exploretionÂ,#turegeography,#earthofficialÂ,#sefikking,#kplatform369,,
136,#nikosia,#smugmug,#turephotography,#shadow,#photographed,#photography,#beautiful,#picture,#natgeo,#animalplanet,#macro,#lens,#NikonTakeZ,#wallpaper,#killeverygram,#dogsofinstagramÂ,#macrophotography,#discoverglobeÂ,#earthofficial,#turelovers,#explorepage,#explore,#turegeography,#travelpic,#instatravel,#earth_shotz,#earth,#earthpics,#poland,#evning,,
137,#ture,#turephotography,#viewbug,#feature,#photography,#macro,#closeup,#angle,#photooftheday,#instadaily,#instagram,#aesthetic,#natgeo,#nikosia,#beskidy,#turephotographer,#pagearth,#earthpix,#globe_portraits,#globe_travel,#globepeople,#gramkilla,#gramslayers,#greatshotz,#heatercentral,,,,,,,
138,#gameoftones,#lumixtones,#lumix_de,#lumixg9,#roadtrip,#proadventurer,#pasoniclumix,#roamoutside,#meinschwarzwald,#blackforestgraphers,#kaikialla,#exploretheoutdoors,#moodygrams,#blackforest,#featurepalette,#getlost,#girlportrait,#global_hotshotz,#cbviews,#ig_world_colors,#Main_Vision,#worldplaces,#theworldshotz,#travellingthroughtheworld,#beautifuldestitions,#beautifulmatters,,,,,,
139,#shotstoriesindia.<U+2800><U+2800><U+2800>,#shotstoriesindia,#Canosia,#tapansheth,#lion,#winter,#lions,#natgeoindia,#ngtindia,#tureinFocus,#BBCEarth,#wildlifeindia,#sanctuaryasia,#klickers,#ig_europe,#ig_europa,#topeuropephoto,#europe_vacations,#bns_earth,#toplongexposure,#longexpoelite,#longexposure_daily,#longexposure_shots<U+2060>,#worldframeclub,#nisiopticsusa,#turelover_gr,#earthhotspots,#ture_perfection<U+2060>,,,,
140,#tureloversÂ,#exclusive_shotsÂ,#macrophotography,#ig_fotografdiyariÂ,#folkgoodÂ,#global_hotshotz#macrosÂ,#moodygramsÂ,#waycoolshots,#awesomeglobeÂ,#colors_of_dayÂ,#travelawesome,#igglobalclupÂ,#earthpixÂ,#earth_shotzÂ,#earthplanet_pics,#outdoorphotomag,#natgeolandscape,#fotocatchers,,,,,,,,,,,,,,
141,#liveauthentic,#exploretocreate,#wildernessculture,#beautifuldestitions,#mountains,#visualoflife,#roamtheplanet,#discoverearth,#artofvisuals,#main_vision,#welivetoexplore,#earthfocus,#exploringtheglobe,#neverstopexploring,#earth_shotz,#electic_shotz,#earthofficial,#visualambassadors,#earthofficial,#turelovers,#explorepage,#explore,#turegeography,#travelpic,#instatravel,#earth_shotz,#earth,#earthpics,#poland,#mountains,,
142,#edcpixta,#dymicportraits,#earth_portraits,#earthofficial,#earthportraits,#endlessfaces,#exclusive_shots,#expofilm3k,#fabulousshot,#familyportraits,#fashionbloggerstyle,#fashionportrait,#fatalframes,#featuremeinstagood,#beskidy,#turephotographer,#pagearth,#earthpix,#earthofficial,#marvelshots,#turehippys,#photographyislife,#photographer,#photography,#macro,#macrophotography.,,,,,,
143,#italy,#vscocam,#igersitalia,#italiainunoscatto<U+2028>#ig_italy,#gf_italy,#instaitalia,#italian_places,#ig_italia,#italian_trips,#awesome_earthpix,#awesomepix,#earthofficial,#awesomeearth,#igworldclub,#tureaddict,#wildlifephotography,#discoverglobe,#iloveture,#discoverearth,#tural,#tureÂ,#outdoors,#doga,#camp,#camprailÂ,#kamp,#Ã§adir,#kampatesi,#kampturkiye,#bushcraft,,
144,#canonusa,#earthofficial,#next_landscape,#special_shots,#lensbible,#welivetoexplore,#master_gallery,#dreaming_landscape,#natgeoyourshot,#madewithlumir,#BHPhoto,#amazing_shots,#landscape_nightscape,#slowphotographymovement,#artofvisuals,#folksceneryÂ,#photography,#kamptural,#hikingtrails,#castle,#hiking,#mountainscape,#master_shots,#ture_brilliance,#natgeohr,#visualheaven,#theworldshotz,#places_wow,#discoverglobe,#ture_wizards,,
145,#beautifuldestitions,#artofvisuals,#iceland,#hiddeniceland,#diamondbeach,#glacier,#canonuk,#visualsofearth,#passionpassport,#earthpix,#lensbible,#roamerground,#visiticeland,#tureaddict,#ig_landscapes,#hiking_daily,#earthofficial,#earthexperience,#visitbw,#travel_2_germany,#beautifuldestitions,#badenwuÂ¨rttemberg,#besttureshot,#turewizards,#tureperfection,#springtime,#park,#countryfeatures,#fantasticearth,#earthofficial,,
146,#liveauthentic,#exploretocreate,#wildernessculture,#beautifuldestitions,#lifeofadventure,#visualoflife,#roamtheplanet,#discoverearth,#artofvisuals,#main_vision,#welivetoexplore,#earthfocus,#exploringtheglobe,#neverstopexploring,#leaf,#germany,#deutschland,#meinbw,#stayandwander,#exploretocreate,#natgeoru,#agameoftones,#greenlife,#greenery,#prague,#praguelife,#praggram,#czech,#earthescope,,,
147,#turewalk,#turegram,#turelove,#tureonly,#tureporn,#besttureshot,#tureshots,#turephoto,#landscapes,#planet,#earthpix,#kedplanet,#ture_lovers,#turesbeauty,#vscorussia,#madrussians,#folkscenery,#moodygrams,,,,,,,,,,,,,,
148,#<U+FE0F><U+20E3>,#rsa_outdoors,#passionpassport,#visualtraveller,#moodygrams,#folkgreen,#autumn,#stayandwander,#forestÂ,#earthfocus,#roamtheplanetÂ,#eclectic_shotzÂ,#wondermore,#earthofficial,,,,,#igworldglobal,#theworldshotz,#transfer_visions,#ig_color,#awesome_photographers,#picoftheday,#master_gallery,#astro,,,,,,
149,#lifeofadventure,#hiking_croatia,#hikingadventures,#theoutbound,#exploretocreate,#peoplescreative,#justgoshoot,#landscape_hunter,#landscapephotography,#earthcapture,#earthpix,#earthportraits,#landscapestyles_gf,#trakoscan,#magicpict,#colors_of_day,#superhubs,#special_shots,#stayandwander,#exploretocreate,#natgeoru,#agameoftones,#greenlife,#greenery,#prague,#praguelife,#praggram,#czech,#earthescope,,,
150,#igersgermany,#spring,#instaturelover,#kastanie,#kastanienbaum,#turephotography,#ture,#chestnut,#instaspring,#stayathome,#rain,#rainyday,#tree,#treesofinstagram,#vscorussia,#madrussians,#folkscenery,#moodygrams,#ohcada,#tlpicks,#folkscenery,#beautifuldestitions,#mountains,#winterwonderland,#blueplanet,#natgeoyourshot,#banfftiolpark,#banffcada,#canoncada,#ourplanetdaily,,
151,#earthofficial,#<U+0438><U+043D><U+0441><U+0442><U+0430><U+0433><U+0440><U+0430><U+043C><U+043D><U+0435><U+0434><U+0435><U+043B><U+0438>,#roamtheplanet,#featuremeinstagood,#folkgood,#bestvacations,#beautifuldestitions,#tureaddict,#livefolk,#liveauthentic,#artofvisuals,#neverstopexploring,#welltraveled,#instamood,#canmore,#explorecada,#explorealberta,#imagesofcada,#stayandwander,#exploretocreate,#natgeoru,#agameoftones,#greenlife,#greenery,#prague,#praguelife,#praggram,#czech,#earthescope,,,
153,#longexposure,#longexpo,#longexposureoftheday,#longexposures,#longexposurephotography,#jaw_dropping_shots,#earthofficial,#ig_shotz_le,#earth_shotz,#amazing_longexpo,#longexpo_addiction,#eclectic_shotz,#beautifuldestitions,#thebest_capture,#longexpo_addiction,#eclectic_shotz,#beautifuldestitions,#thebest_capture,#alpinismus,#thediscoverer,#bestmountairtists,#bergpic,#mountainsphoto,#stayandwander,#morninglight,#goodmorning,#mountainlife,#mountainboy,#mtnfolk,#folkscenery,,
154,#earthofficial,#<U+0438><U+043D><U+0441><U+0442><U+0430><U+0433><U+0440><U+0430><U+043C><U+043D><U+0435><U+0434><U+0435><U+043B><U+0438>,#roamtheplanet,#featuremeinstagood,#folkgood,#bestvacations,#beautifuldestitions,#tureaddict,#livefolk,#liveauthentic,#artofvisuals,#neverstopexploring,#welltraveled,#instamood,#earthoutdoors,#globalcapture,#glocknerleitl,#bealpine,#stayandwander,#exploretocreate,#natgeoru,#agameoftones,#greenlife,#greenery,#prague,#praguelife,#praggram,#czech,#earthescope,,,
155,#4k_vibez_drone,#lensbible,#artofvisuals,#stayandwander,#roamtheplanet,#photography,#landscapephotography,#earth,#earthpix,#earthfocus,#earthofficial,#depthobsessed,#alberta,#banff,#vscorussia,#madrussians,#folkscenery,#moodygrams,#ourplanetdaily,#earthpix,#discoverearth,#theglobewanderer,#earthfocus,#wanderlust,#dametraveler,#earthofficial,#travelbug,#placestogo,#travellife,,,
156,#earthofficial,#<U+0438><U+043D><U+0441><U+0442><U+0430><U+0433><U+0440><U+0430><U+043C><U+043D><U+0435><U+0434><U+0435><U+043B><U+0438>,#roamtheplanet,#featuremeinstagood,#folkgood,#bestvacations,#beautifuldestitions,#tureaddict,#livefolk,#liveauthentic,#artofvisuals,#neverstopexploring,#welltraveled,#instamood,#bestvacations,#timelapse,#wildernessculture,#optoutside,,,,,,,,,,,,,,
157,#yourshot_turkey,#longexposure,#longexpo,#lazyshutters,#slowshutter,#longexposureoftheday,#longexposures,#longexposurephotography,#earthfocus,#jaw_dropping_shots,#earthofficial,#ig_shotz_le,#earth_shotz,#amazing_longexpo,,,,,,,,,,,,,,,,,,
158,#grossglockner,#mountaineering,#austria,#austrianmountains,#skitour,#skitouring,#mountains,#mountainlove,#roam247,#earthofficial,#steigauf,#roamtheplanet,#discoverearth,#wondermore,,,,,#renegade_rural,#romÃ¢nia,,,,,,,,,,,,
159,#earthofficial,#<U+0438><U+043D><U+0441><U+0442><U+0430><U+0433><U+0440><U+0430><U+043C><U+043D><U+0435><U+0434><U+0435><U+043B><U+0438>,#roamtheplanet,#featuremeinstagood,#folkgood,#bestvacations,#beautifuldestitions,#tureaddict,#livefolk,#liveauthentic,#artofvisuals,#neverstopexploring,#welltraveled,#instamood,#vineyard,#orchard,#country,#countrylife,#dog_features,#dogphotography,#turephotography,#bestwoof,#adventuredog,#dogportrait,#germanshepherd,#gsdstagram,#germanshepherdworld,#gsdofig,,,,
160,#ture,#getinsta,#goprovideo,#holiday,#vacation,#gopro,#instago,#instatravel,#traveling,#mytraveldiary,#goprotimelapse,#beautifuldestitions,#artofvisuals,#visiting,#wilderness,#whitewolf,#photooftheday,#likesforlikes,#climbing,#outdoorslife,#discoverearth,#places_wow,#keepitwild,#roamtheplanet,#fantastic_earth,#fiftyshades_of_ture,#adventurethatislife,#ourplanetdaily,,,,
163,#landscapephotography,#landscapehunter,#landscapelovers,#earth_shotz,#earthmagic,#earthfocus,#earthofficial,#t_geo,#natgeoyourshot,#romania<U+0001F1F9><U+0001F1E9>,#romaniapitoreasca,#romaniamagica,#coolplaces,#places_wow,#nofilter,#like4likes,#likeforlikes,#likeback,#earthofficial,#motherearth,#dslr_official,#nikonphotography,#nikon,#d7200,#macro,#macrophotography,#sunday,#sunsetphotography,#bangalore,#dandelions,,
164,#swissshepherd,#whiteswissshepherd,#weeklyfluff,#bestwoof,#dogsofinstagram,#earthfocus,#earthofficial,#earthpix,#bergerblancsuisse,#hikingdogsofinstagram,#petfluencer,#ture,#barked,#gsdstagram,#love,#ecosystem,#ecology,#earth,#splendid_earth,#earth_portraits,#places_wowÂ,#kedplanet,#awesome_earthpixÂ,#earthfocus,#colors_of_day,#visualambassadors,#ture_wizardsÂ,#fiftyshades_of_ture,#stunning_shots,#ture_brilliance,,
165,#discoverglobe,#iloveture,#earthofficial,#marvelshots,#turehippys,#tiolgeographic,#landscapephotography,#landscapehunter,#fantastic_earth,#theworldshotz,#awesome_earthpix,#jungle,#conservation,#landscape_lover,#natgeoyourshotÂ,#natgeotravelpic,#epic_captures,#awesomeglobe,,,,,,,,,,,,,,
166,#allyouneedisecuador,#ecuador<U+0001F1EA><U+0001F1E8>,#ecuadortravel_ig,#ecuadorturistico,#depthsofearth,#lost_world_treasures,#ig_select,#discovery_landscapes,#global_creatives,#ig_dymic,#earthofficial,#awesome_earthpix,#globalcapture,#dream_spots,,,,,,,,,,,,,,,,,,
167,#travel,#travelgram,#vsco,#vscocam,#l4l,#india,#igtravel,#turephotography,#sunset,#skyporn,#ture,#photographers,#photographyaccount,#trip,,,,,#earthofficial,#earthpics,#earthpix,#espacio_world,#estaes_europa,#estaes_europe,#europe_gallery,#bhfyp,#europa,#monkeybeach,#thailand,#tailandia,,
168,#red,#yellowflowers,#dandelion,#flower,#flowersofinstagram,#flowerstagram,#flowertattoo,#flowers,#florist,#turephotography,#turelove,#turelover,#ture,#loveearth,#doyoutravel,#earth_deluxe,#earthcapture,#earthgallery,,,,,,,,,,,,,,
169,#pixel_ig,#photooftheday,#ig_shutterbugs,#pocket_world,#ig_landscape,#visual_heaven,#landscapephoto,#landscape_lover,#natgeoadventure,#majestic_earth,#igworldglobal,#EarthOfficial,#discoverglobe,#igbest_shotz,#ourdoortones,,,,#ohcada,#tlpicks,#folkscenery,#beautifuldestitions,#mountains,#winterwonderland,#blueplanet,#natgeoyourshot,#banfftiolpark,#banffcada,#canoncada,#ourplanetdaily,,
170,#weekeepmoments,#visitaustria#enjoyaustria#weroamaustria#austrianroamers#exploreourearth#fantasticearth#earthofficial#thegreatoutdoors#earthoutdoors#exploretocreate#lifeofadventure#wanderfolk#earthscope#discoverglobe#mountainworld#wowplanet#home#styria#eclectic_shotz#earthscope#hikingtheglobe#austria,,,,,,,,,,,,,#canmore,#explorecada,#explorealberta,#imagesofcada,#beautifulture,#photography,#stunning,#placetobe,#bohemianswitzerland,#awesome_earthpix,#germanroamers,#instadaily,#instagood,#hiking,#hikingadventures,,,
171,,,,,,,,,,,,,,,#landscapelovers,#landscapephotography,#beautifuldestitions,#beautifulplaces,#landscapephotomagÂ,#ig_landscape,#ig_masterpiece,#agameoftonesÂ,#optoutsideÂ,#discoverearthÂ,#exploretheglobeÂ,#ourplanetdailyÂ,#earthofficialÂ,#natgeoÂ,#tiolgeographicÂ,#awesome_earthpix,,
172,#soygurudeviajes,#ig_europe,#ig_photoworld,#ig_worldclub,#igersintheworld,#igglobalclub,#iglobalphotographers,#igphotoworld,#igs_europe,#igs_photos,#destitionearth,#destinosimperdiveis,#discoverearth,#discoverglobe,#landscapestyles_gf,#landscape_specialist,#landscapepornÂ,#getlostÂ,#flowers,#Ã§iÃ§ek,,,,,,,,,,,,
173,#luxembourg,#letzebuerg,#visiteislek,#landschaft,#landschaftsfotografie,#landscape_captures,#splendid_shotz,#earthofficial,#earthoutdoors,#earthpix,#global_ladies,#soulful_moments,#bevisuallyinspired,#igtones,#stayhome,#passionpassport,#likeforlik,#book,#wonderfulplaces,#worldtravelpics#traveltheword,#travelingphotography#discoverglobe#ourplanetdaily#cityview#cityscape#goexplore#welltravelled,,,,,,,,,,,
174,#4k_vibez_drone,#lensbible,#artofvisuals,#stayandwander,#roamtheplanet,#photography,#landscapephotography,#earth,#earthpix,#earthfocus,#earthofficial,#depthobsessed,#alberta,#banff,#bestplacestogo,#travelworld,#earthofficial,#earthfocus#amazingplaces,#ourplanetdaily,#TheGlobeWanderer,#hypebeast,#tourtheplanet,#awesomepix,#artofvisuals,#folkscenery,#wildernessculture,#way2ill,#exploretocreate,#wonderful_places,#stayandwander,,
175,#wanderlust,#iloveture,#earthofficial,#travelandlife,#worldtravelbook,#ture,#travelphotography,#epic_captures,#roamtheplanet,#awesomeearth,#photooftheday,#turephotography,#stunning_shots,#tureaddict,#discoverearth,#wonderful_places,#bestplacestogo,#awesome_earthpix,#ourplanetdaily,#TheGlobeWanderer,#hypebeast,#tourtheplanet,#awesomepix,#artofvisuals,#folkscenery,#wildernessculture,#way2ill,#exploretocreate,#wonderful_places,#stayandwander,,
176,#dublin,#ireland,#poolbegchimneys,#chimney,#photography,#photooftheday,#landscapephotography,#landscapeloverÂ,#landscape_captures,#landscapes,#landscape_photography,#pixel_ig,#landscape_hunter,#landscapecapturesÂ,#discoverearth,#wonderful_places,#bestplacestogo,#awesome_earthpix,#ourplanetdaily,#TheGlobeWanderer,#hypebeast,#tourtheplanet,#awesomepix,#artofvisuals,#folkscenery,#wildernessculture,#way2ill,#exploretocreate,#wonderful_places,#stayandwander,,
177,#mood,#getoutside,#wildernessculture,#roamtheplanet,#eclectic_shotz,#landscape,#theimaged,#earthofficial,#lensbible#wanderlust#outdoors#vsco#beautifuldestitions,#getoutside,#wildflowers,#instapicture,#instagood,#instagram,#discoverearth,#wonderful_places,#bestplacestogo,#awesome_earthpix,#ourplanetdaily,#TheGlobeWanderer,#hypebeast,#tourtheplanet,#awesomepix,#artofvisuals,#folkscenery,#wildernessculture,#way2ill,#exploretocreate,#wonderful_places,#stayandwander,,
178,#bratislava#beautifuldestitions,#travelphoto,#travelphotography,#beautifulplaces,#trip,#travelgram,#traveling,#viaje,#picoftheday,#reise,#photooftheday,#vacation,#awesomeplaces,#viajes,#discoverearth,#wonderful_places,#bestplacestogo,#awesome_earthpix,#ourplanetdaily,#TheGlobeWanderer,#hypebeast,#tourtheplanet,#awesomepix,#artofvisuals,#folkscenery,#wildernessculture,#way2ill,#exploretocreate,#wonderful_places,#stayandwander,,
179,#bestvacations,#earthpix,#earthofficial#visualsoflife,#liveoutdoorsÂ,#viaparadise,#travelawesome,#beautifuldestitions,#lensbible,#kedplanet,#TLPicks,#fantastic_earth,#AGameofTones,#welivetoexplore,#voyaged,#discoverearth,#wonderful_places,#bestplacestogo,#awesome_earthpix,#ourplanetdaily,#TheGlobeWanderer,#hypebeast,#tourtheplanet,#awesomepix,#artofvisuals,#folkscenery,#wildernessculture,#way2ill,#exploretocreate,#wonderful_places,#stayandwander,,
180,#bestvacations,#earthpix,#earthofficial#visualsoflife,#liveoutdoorsÂ,#viaparadise,#travelawesome,#beautifuldestitions,#lensbible,#kedplanet,#TLPicks,#fantastic_earth,#AGameofTones,#welivetoexplore,#voyaged,#discoverearth,#wonderful_places,#bestplacestogo,#awesome_earthpix,#ourplanetdaily,#TheGlobeWanderer,#hypebeast,#tourtheplanet,#awesomepix,#artofvisuals,#folkscenery,#wildernessculture,#way2ill,#exploretocreate,#wonderful_places,#stayandwander,,
181,#bestvacations,#earthpix,#earthofficial#visualsoflife,#liveoutdoorsÂ,#viaparadise,#travelawesome,#beautifuldestitions,#lensbible,#kedplanet,#TLPicks,#fantastic_earth,#AGameofTones,#welivetoexplore,#voyaged,#discoverearth,#wonderful_places,#bestplacestogo,#awesome_earthpix,#ourplanetdaily,#TheGlobeWanderer,#hypebeast,#tourtheplanet,#awesomepix,#artofvisuals,#folkscenery,#wildernessculture,#way2ill,#exploretocreate,#wonderful_places,#stayandwander,,
182,#bestvacations,#earthpix,#earthofficial#visualsoflife,#liveoutdoorsÂ,#viaparadise,#travelawesome,#beautifuldestitions,#lensbible,#kedplanet,#TLPicks,#fantastic_earth,#AGameofTones,#welivetoexplore,#voyaged,#discoverearth,#wonderful_places,#bestplacestogo,#awesome_earthpix,#ourplanetdaily,#TheGlobeWanderer,#hypebeast,#tourtheplanet,#awesomepix,#artofvisuals,#folkscenery,#wildernessculture,#way2ill,#exploretocreate,#wonderful_places,#stayandwander,,
183,#bestvacations,#earthpix,#earthofficial#visualsoflife,#liveoutdoorsÂ,#viaparadise,#travelawesome,#beautifuldestitions,#lensbible,#kedplanet,#TLPicks,#fantastic_earth,#AGameofTones,#welivetoexplore,#voyaged,#discoverearth,#wonderful_places,#bestplacestogo,#awesome_earthpix,#ourplanetdaily,#TheGlobeWanderer,#hypebeast,#tourtheplanet,#awesomepix,#artofvisuals,#folkscenery,#wildernessculture,#way2ill,#exploretocreate,#wonderful_places,#stayandwander,,
184,#bestvacations,#earthpix,#earthofficial#visualsoflife,#liveoutdoorsÂ,#viaparadise,#travelawesome,#beautifuldestitions,#lensbible,#kedplanet,#TLPicks,#fantastic_earth,#AGameofTones,#welivetoexplore,#voyaged,#discoverearth,#wonderful_places,#bestplacestogo,#awesome_earthpix,#ourplanetdaily,#TheGlobeWanderer,#hypebeast,#tourtheplanet,#awesomepix,#artofvisuals,#folkscenery,#wildernessculture,#way2ill,#exploretocreate,#wonderful_places,#stayandwander,,
185,#bestvacations,#earthpix,#earthofficial#visualsoflife,#liveoutdoorsÂ,#viaparadise,#travelawesome,#beautifuldestitions,#lensbible,#kedplanet,#TLPicks,#fantastic_earth,#AGameofTones,#welivetoexplore,#voyaged,#discoverearth,#wonderful_places,#bestplacestogo,#awesome_earthpix,#ourplanetdaily,#TheGlobeWanderer,#hypebeast,#tourtheplanet,#awesomepix,#artofvisuals,#folkscenery,#wildernessculture,#way2ill,#exploretocreate,#wonderful_places,#stayandwander,,
186,#bestvacations,#earthpix,#earthofficial#visualsoflife,#liveoutdoorsÂ,#viaparadise,#travelawesome,#beautifuldestitions,#lensbible,#kedplanet,#TLPicks,#fantastic_earth,#AGameofTones,#welivetoexplore,#voyaged,#discoverearth,#wonderful_places,#bestplacestogo,#awesome_earthpix,#ourplanetdaily,#TheGlobeWanderer,#hypebeast,#tourtheplanet,#awesomepix,#artofvisuals,#folkscenery,#wildernessculture,#way2ill,#exploretocreate,#wonderful_places,#stayandwander,,
187,#bestvacations,#earthpix,#earthofficial#visualsoflife,#liveoutdoorsÂ,#viaparadise,#travelawesome,#beautifuldestitions,#lensbible,#kedplanet,#TLPicks,#fantastic_earth,#AGameofTones,#welivetoexplore,#voyaged,#discoverearth,#wonderful_places,#bestplacestogo,#awesome_earthpix,#ourplanetdaily,#TheGlobeWanderer,#hypebeast,#tourtheplanet,#awesomepix,#artofvisuals,#folkscenery,#wildernessculture,#way2ill,#exploretocreate,#wonderful_places,#stayandwander,,
188,#bestvacations,#earthpix,#earthofficial#visualsoflife,#liveoutdoorsÂ,#viaparadise,#travelawesome,#beautifuldestitions,#lensbible,#kedplanet,#TLPicks,#fantastic_earth,#AGameofTones,#welivetoexplore,#voyaged,#discoverearth,#wonderful_places,#bestplacestogo,#awesome_earthpix,#ourplanetdaily,#TheGlobeWanderer,#hypebeast,#tourtheplanet,#awesomepix,#artofvisuals,#folkscenery,#wildernessculture,#way2ill,#exploretocreate,#wonderful_places,#stayandwander,,
189,#bestvacations,#earthpix,#earthofficial#visualsoflife,#liveoutdoorsÂ,#viaparadise,#travelawesome,#beautifuldestitions,#lensbible,#kedplanet,#TLPicks,#fantastic_earth,#AGameofTones,#welivetoexplore,#voyaged,#discoverearth,#wonderful_places,#bestplacestogo,#awesome_earthpix,#incrediblespring,#enjoy,#earthofficial,#enjoyyourlife,,,,,,,,,,
190,#bestvacations,#earthpix,#earthofficial#visualsoflife,#liveoutdoorsÂ,#viaparadise,#travelawesome,#beautifuldestitions,#lensbible,#kedplanet,#TLPicks,#fantastic_earth,#AGameofTones,#welivetoexplore,#voyaged,#tureandus,#photolife,#photolovers,#flowers_andlife,#ourplanetdaily,#flowerlover,#enjoy,#enjoyourlife,#flowers_andlife,#earthofficial,#tureandus,#myhobby,#miracle,#myday,#garden,#time,#wewilltravelagain,
191,#bestvacations,#earthpix,#earthofficial#visualsoflife,#liveoutdoorsÂ,#viaparadise,#travelawesome,#beautifuldestitions,#lensbible,#kedplanet,#TLPicks,#fantastic_earth,#AGameofTones,#welivetoexplore,#voyaged,#2020,#spring,#ture_shooters,#hikewithpk,#flowerlover,#bee,#beeandflower,#enjoy,#enjoyourlife,#flowers_andlife,#earthofficial,#tureandus,,,,,,
192,#bestvacations,#earthpix,#earthofficial#visualsoflife,#liveoutdoorsÂ,#viaparadise,#travelawesome,#beautifuldestitions,#lensbible,#kedplanet,#TLPicks,#fantastic_earth,#AGameofTones,#welivetoexplore,#voyaged,#spring,#ture_shooters,#hikewithpk,#ourplanetdaily,#ourplanetdaily,#flowerlover,#bee,#beeandflower,#enjoy,#enjoyourlife,#flowers_andlife,#earthofficial,#tureandus,#planetearth,,,,
193,#bestvacations,#earthpix,#earthofficial#visualsoflife,#liveoutdoorsÂ,#viaparadise,#travelawesome,#beautifuldestitions,#lensbible,#kedplanet,#TLPicks,#fantastic_earth,#AGameofTones,#welivetoexplore,#voyaged,#2020,#spring,#ture_shooters,#hikewithpk,#spring,#ture_shooters,#hikewithpk,#ourplanetdaily,#flowerlover,#bee,#beeandflower,#enjoy,#enjoyourlife,#flowers_andlife,#earthofficial,#tureandus,,
194,#flowerlover,#ture_shooters,#photography,#photo,#sun,#spring,#2020,#feelings,#flowerstagram,#picoftheday,#pocket_ture,#samsung,#flower,#love,#inspiration,#worldisbeautiful,#yellow,#2020,#ourplanetdaily,#flowerlover,#bee,#beeandflower,#enjoy,#enjoyourlife,#flowers_andlife,#earthofficial,#tureandus,,,,,
195,#apple,#greenway,#green,#travel,#ture_andyou#onlinetravelling,#inspiration,#instagram,#tureshots,#ture_shooters,#turephotography,#photo,#inspiration,#worldisbeautiful,#yellow,#2020,#spring,#ture_shooters,#hikewithpk,#spring,#ture_shooters,#hikewithpk,#ourplanetdaily,#flowerlover,#bee,#beeandflower,#enjoy,#enjoyourlife,#flowers_andlife,#earthofficial,#tureandus,,
196,#flowerstagram,#flowers,#travel,#ture_andyou#onlinetravelling,#inspiration,#instagram,#tureshots,#ture_shooters,#turephotography,#photo,#inspiration,#worldisbeautiful,#yellow,#2020,#inspiration,#worldisbeautiful,#yellow,#2020,#yellow,#2020,#spring,#ture_shooters,#hikewithpk,#ourplanetdaily,#flowerlover,#bee,#beeandflower,#enjoy,#enjoyourlife,#flowers_andlife,#earthofficial,
197,#flowerstagram,#flowers,#travel,#ture_andyou,#onlinetravelling,#inspiration,#instagram,#tureshots,#ture_shooters,#turephotography,#photo,#inspiration,#worldisbeautiful,#yellow,#turephotography,#photo,#inspiration,#worldisbeautiful,#hikewithpk,#ourplanetdaily,#flowerlover,#bee,#beeandflower,#enjoy,#enjoyourlife,#flowers_andlife,#earthofficial,#tureandus,#picture_sque29,#photoofday,#dailydeals,
198,#flowerstagram,#flowers,#travel,#ture_andyou,#myhobby,#leaves,#greenway,#onlinetravelling,#inspiration,#instagram,#tureshots,#ture_shooters,#turephotography,#photo,#yellow,#2020,#spring,#ture_shooters,#ourplanetdaily,#flowerlover,#bee,#beeandflower,#enjoy,#enjoyourlife,#flowers_andlife,#earthofficial,#tureandus,,,,,
199,#flowerstagram,#flowers,#red,#yellow,#sun,#inspiration,#instagram,#tureshots,#ture_shooters,#turephotography,#photo,#inspiration,#worldisbeautiful,#yellow,#2020,#spring,#ture_shooters,#hikewithpk,#ourplanetdaily,#flowerlover,#bee,#beeandflower,#enjoy,#enjoyourlife,#flowers_andlife,#earthofficial,#tureandus,,,,,
200,#flowerstagram,#flowers,#red,#redflowers,#onlinetravelling,#travelphotography,#poppy,##poppyflower,#inspiration,#instagram,#tureshots,#ture_shooters,#turephotography,#photo,#2020,#spring,#ture_shooters,#hikewithpk,#ourplanetdaily,#flowerlover,#bee,#beeandflower,#enjoy,#enjoyourlife,#flowers_andlife,#earthofficial,#tureandus,,,,,
201,#vinegrape,#vine,#spring,#turelovers,#flowerstagram,#flowers,#red,#fruit,#onlinetravelling,#flowerworld,#inspiration,#instagram,#tureshots,#ture_shooters,#2020,#spring,#ture_shooters,#hikewithpk,#beeandflower,#enjoy,#enjoyourlife,#flowers_andlife,#earthofficial,#tureandus,,,,,,,,
202,#flowerstagram,#flowers,#white,#whiteflower,#spring,#fly,#inspiration,#instagram,#tureshots,#ture_shooters,#turephotography,#photo,#inspiration,#worldisbeautiful,#hikewithpk,#ourplanetdaily,#flowerlover,#bee,#guardiantravelsps,#travel,#travelgram,#travelmore,#dametraveler,#bbctravel,#photography,#visualambassadors,#theimaged,#wonderful_places,#instatravel,#instagood,,
203,#flowerstagram,#flowers,#white,#whiteflower,#miracle,#inspiration,#instagram,#tureshots,#ture_shooters,#turephotography,#photo,#inspiration,#worldisbeautiful,#yellow,#lifestyle,#exploremore,#outdoors,#allaboutadventures,#guardiantravelsps,#travel,#travelgram,#travelmore,#dametraveler,#bbctravel,#photography,#visualambassadors,#theimaged,#wonderful_places,#instatravel,#instagood,,
204,#flowerstagram,#flowers,#yellow,#sun,#yellowsun,#inspiration,#instagram,#tureshots,#ture_shooters,#turephotography,#photo,#inspiration,#worldisbeautiful,#yellow,#lifestyle,#exploremore,#outdoors,#allaboutadventures,,,,,,,,,,,,,,
205,#flowerstagram,#flowers,#red,#redstawberry,#strawberry,#inspiration,#instagram,#tureshots,#ture_shooters,#turephotography,#photo,#inspiration,#worldisbeautiful,#yellow,,,,,,,,,,,,,,,,,,
206,#flowerstagram,#flowers,#purple,#purpleflowers,#tureshots,#ture_shooters,#turephotography,#photo,#inspiration,#worldisbeautiful,#yellow,#2020,#spring,#ture_shooters,,,,,,,,,,,,,,,,,,
207,#grandcanyon,#grandcanyonnps,#desertviewwatchtower,#arizo,#az365,#throwback,#artofvisuals,#ig_color,#earthofficial,#earthfocus,#earthpix,#moodygrams,#beautifuldestitions,#passionpassport,,,,,,,,,,,,,,,,,,
208,#grandcanyon,#grandcanyonnps,#starrynight,#conquerarizo,#capturearizo,#arizo,#artofvisuals,#ig_color,#earthofficial,#earthfocus,#earthpix,#moodygrams,#beautifuldestitions,#passionpassport,,,,,,,,,,,,,,,,,,
